Workbook
Name Slicer_Department_Name: #N/A
Name Slicer_Employment_Status: #N/A
Name Slicer_Performance_Band: #N/A
Name Slicer_Years__Hire_Date: #N/A

Sheet Raw_Employee_Data
A1: Emp ID | B1: First_Name | C1: Last_Name | D1: Dept Code | E1: Hire Date | F1: Salary | G1: Perf_Score | H1: Employment Status
A2: EMP127 | B2: Emily | C2: Brown | D2: IT02 | E2: 43093 | F2: 50361 | G2: 52 | H2: active
A3: EMP046 | B3: Richard | C3: Hernandez | D3: MKT04 | E3: 44659 | F3: 112673 | H3: ACTIVE
A4: EMP134 | B4: Emily | C4: Gonzalez | D4: IT02 | E4: 42431 | F4: $114,425 | G4: 54 | H4: LEFT
A5: EMP139 | B5: John | C5: Martinez | D5: FIN03 | E5: 45110 | F5: 103831 | G5: 70 | H5: active
A6: EMP112 | B6: Thomas | C6: Smith | D6: IT02 | E6: 44977 | F6: 73785 | G6: 40 | H6: Left
A7: EMP030 | B7: Emily | C7: Johnson | D7: OPS06 | E7: 02-Mar-20 | F7: 115882 | G7: 49 | H7: ACTIVE
A8: EMP096 | B8: John | C8: Wilson | D8: OPS06 | E8: 45272 | F8: 59980 | G8: 70 | H8: Left
A9: EMP098 | B9: Jessica | C9: Smith | D9: OPS06 | E9: 44174 | F9: 68728 | G9: 45 | H9: ACTIVE
A10: EMP095 | C10: Rodriguez | D10: FIN03 | E10: 43107 | F10: 102139 | G10: 79 | H10: active
A11: EMP140 | B11: Michael | C11: Martinez | D11: SAL05 | E11: 42676 | F11: 94998 | G11: 58 | H11: Active
A12: EMP020 | B12: Emily | C12: Miller | D12: sal05 | E12: 43911 | F12: $118,635 | G12: 49 | H12: Active
A13: EMP057 | B13: Emily | C13: Hernandez | D13: IT02 | E13: 42425 | F13: 76918 | G13: 62 | H13: Actv
A14: EMP016 | B14: Jane | C14: Williams | D14: mkt04 | E14: 17-Jun-21 | F14: 61408 | G14: 48 | H14: ACTIVE
A15: EMP070 | B15: Jane | C15: Miller | D15: MKT04 | E15: 44001 | F15: 99990 | G15: 54 | H15: Actv
A16: EMP025 | B16: Robert | C16: Jones | D16: MKT04 | E16: 43820 | F16: 80385 | H16: active
A17: EMP031 | B17: Thomas | C17: Rodriguez | D17: SAL05 | E17: 45169 | F17: 65290 | G17: 77 | H17: active
A18: EMP126 | B18: Emily | C18: Davis | D18: IT02 | E18: 42337 | F18: 105765 | G18: 42 | H18: Active
A19: EMP109 | B19: James | C19: Martinez | D19: SAL05 | E19: 42899 | F19: 102921 | G19: 49 | H19: ACTIVE
A20: EMP057 | B20: Emily | C20: Hernandez | D20: IT02 | E20: 42425 | F20: 76918 | G20: 62 | H20: Actv
A21: EMP066 | B21: Ashley | C21: Lopez | D21: MKT04 | E21: 43235 | F21: 73984 | G21: 93 | H21: Actv
A22: EMP120 | B22: Amanda | C22: Gonzalez | D22: IT02 | E22: 42575 | G22: 75 | H22: Actv
A23: EMP019 | B23: Michael | C23: Hernandez | D23: FIN03 | E23: 43076 | F23: 118527 | G23: 50 | H23: Actv
A24: EMP013 | B24: Richard | C24: Hernandez | D24: MKT04 | E24: 44353 | F24: 107871 | G24: 88 | H24: active
A25: EMP010 | B25: Michael | C25: Rodriguez | D25: IT02 | E25: 44815 | F25: 93956 | G25: 50 | H25: LEFT
A26: EMP032 | B26: Jessica | C26: Johnson | D26: FIN03 | E26: 42565 | F26: 100851 | G26: 64 | H26: ACTIVE
A27: EMP082 | B27: Ashley | C27: Williams | D27: SAL05 | E27: 44728 | F27: 68655 | G27: 32 | H27: active
A28: EMP052 | C28: Williams | D28: SAL05 | E28: 45134 | F28: 81205 | G28: 59 | H28: Actv
A29: EMP129 | B29: John | C29: Wilson | D29: SAL05 | E29: 09/24/2019 | F29: $77,610 | G29: 88 | H29: Actv
A30: EMP146 | B30: Thomas | C30: Rodriguez | D30: it02 | E30: 44765 | F30: $50,873 | G30: 90 | H30: Active
A31: EMP099 | B31: Michael | C31: Wilson | D31: fin03 | E31: 13-May-18 | F31: 85312 | G31: 66 | H31: active
A32: EMP015 | B32: John | C32: Rodriguez | D32: SAL05 | E32: 42202 | G32: 68 | H32: active
A33: EMP076 | B33: Thomas | C33: Hernandez | D33: OPS06 | E33: 05-Aug-15 | F33: 97055 | G33: 80 | H33: Actv
A34: EMP137 | B34: Michael | C34: Johnson | D34: IT02 | E34: 45195 | F34: 66069 | G34: 72 | H34: Actv
A35: EMP056 | B35: Sarah | C35: Brown | D35: it02 | E35: 10-Jun-19 | F35: 90157 | G35: 58 | H35: active
A36: EMP125 | B36: Jane | C36: Martinez | D36: HR01 | E36: 44578 | F36: 59899 | G36: 78 | H36: Actv
A37: EMP085 | B37: Emily | C37: Jones | D37: FIN03 | E37: 03-Jul-17 | F37: 113389 | G37: 30 | H37: ACTIVE
A38: EMP106 | C38: Brown | D38: IT02 | E38: 01-Sep-15 | F38: 102691 | G38: 52 | H38: Active
A39: EMP043 | B39: John | C39: Wilson | D39: OPS06 | E39: 03-Aug-22 | F39: 111845 | G39: 98 | H39: active
A40: EMP068 | B40: Melissa | C40: Brown | D40: SAL05 | E40: 06/29/2022 | F40: 69219 | G40: 93 | H40: Actv
A41: EMP128 | B41: Michael | C41: Smith | D41: FIN03 | E41: 43949 | G41: 80 | H41: left
A42: EMP027 | B42: Sarah | C42: Miller | D42: OPS06 | E42: 09/09/2017 | F42: 57514 | H42: active
A43: EMP136 | B43: Emily | C43: Wilson | D43: SAL05 | E43: 43181 | F43: 86245 | G43: 71 | H43: LEFT
A44: EMP079 | B44: David | C44: Hernandez | D44: SAL05 | E44: 43958 | F44: 52407 | G44: 55 | H44: active
A45: EMP149 | B45: James | C45: Smith | D45: OPS06 | E45: 43549 | F45: $66,606 | G45: 93 | H45: Resigned
A46: EMP037 | B46: Sarah | C46: Williams | D46: IT02 | E46: 43686 | F46: 81896 | G46: 79 | H46: Resigned
A47: EMP077 | B47: Amanda | C47: Lopez | D47: SAL05 | E47: 07/14/2016 | F47: 78402 | G47: 54 | H47: ACTIVE
A48: EMP023 | B48: Thomas | C48: Lopez | D48: OPS06 | E48: 42647 | F48: 105498 | G48: 76 | H48: active
A49: EMP133 | B49: Melissa | C49: Johnson | D49: MKT04 | E49: 10-Jul-19 | F49: 91749 | G49: 72 | H49: left
A50: EMP141 | B50: Amanda | C50: Johnson | D50: OPS06 | E50: 44437 | F50: 99935 | G50: 84 | H50: Resigned
A51: EMP012 | B51: John | C51: Davis | D51: IT02 | E51: 42761 | F51: 83531 | G51: 30 | H51: left
A52: EMP080 | B52: James | C52: Johnson | D52: mkt04 | E52: 43981 | F52: $75,023 | H52: ACTIVE
A53: EMP069 | B53: Jane | C53: Davis | D53: HR01 | E53: 44612 | F53: 93290 | G53: 53 | H53: ACTIVE
A54: EMP150 | B54: Richard | C54: Davis | D54: OPS06 | E54: 42628 | F54: 115527 | G54: 63 | H54: Resigned
A55: EMP028 | B55: Thomas | C55: Rodriguez | D55: FIN03 | E55: 10/07/2019 | F55: 55920 | G55: 84 | H55: Actv
A56: EMP087 | B56: Emily | C56: Johnson | D56: SAL05 | E56: 43464 | F56: 80189 | G56: 30 | H56: Active
A57: EMP119 | B57: Emily | C57: Garcia | D57: HR01 | E57: 44189 | F57: 118947 | G57: 96 | H57: active
A58: EMP042 | B58: Jane | C58: Anderson | D58: IT02 | E58: 45112 | G58: 54 | H58: Actv
A59: EMP005 | B59: Thomas | C59: Garcia | D59: OPS06 | E59: 44148 | G59: 75 | H59: Actv
A60: EMP033 | B60: David | C60: Martinez | D60: hr01 | E60: 02/07/2018 | F60: 91655 | G60: 95 | H60: Active
A61: EMP061 | B61: Emily | C61: Brown | D61: IT02 | E61: 45255 | F61: 49435 | H61: left
A62: EMP102 | B62: Emily | C62: Wilson | D62: sal05 | E62: 45217 | F62: 110381 | G62: 93 | H62: Active
A63: EMP067 | B63: Michael | C63: Anderson | D63: HR01 | E63: 44079 | F63: 114748 | G63: 33 | H63: active
A64: EMP017 | B64: Robert | C64: Johnson | D64: OPS06 | E64: 42800 | F64: 63302 | G64: 91 | H64: active
A65: EMP123 | B65: Robert | C65: Miller | D65: it02 | E65: 42122 | F65: $75,519 | G65: 64 | H65: active
A66: EMP011 | B66: Jane | C66: Davis | D66: FIN03 | E66: 42838 | F66: 103891 | G66: 80 | H66: active
A67: EMP091 | B67: Thomas | C67: Davis | D67: OPS06 | E67: 44827 | G67: 46 | H67: LEFT
A68: EMP145 | B68: Thomas | C68: Jones | D68: MKT04 | E68: 11/11/2016 | F68: $50,936 | G68: 99 | H68: active
A69: EMP001 | B69: Michael | C69: Miller | D69: SAL05 | E69: 24-Mar-17 | F69: $111,240 | H69: Actv
A70: EMP113 | B70: Richard | C70: Gonzalez | D70: HR01 | E70: 05-May-19 | F70: 51567 | G70: 87 | H70: Resigned
A71: EMP065 | B71: Melissa | C71: Williams | D71: HR01 | E71: 44402 | G71: 36 | H71: Active
A72: EMP045 | B72: Robert | C72: Miller | D72: HR01 | E72: 43008 | F72: 55270 | G72: 87 | H72: Actv
A73: EMP083 | B73: William | C73: Garcia | D73: SAL05 | E73: 42192 | F73: 65235 | G73: 97 | H73: ACTIVE
A74: EMP029 | B74: John | C74: Gonzalez | D74: SAL05 | E74: 43283 | G74: 72 | H74: LEFT
A75: EMP041 | B75: James | C75: Gonzalez | D75: sal05 | E75: 44819 | G75: 65 | H75: LEFT
A76: EMP017 | B76: Robert | C76: Johnson | D76: OPS06 | E76: 42800 | F76: 63302 | G76: 91 | H76: active
A77: EMP026 | B77: Jane | C77: Gonzalez | D77: SAL05 | E77: 42249 | G77: 67 | H77: Actv
A78: EMP024 | B78: David | C78: Wilson | D78: ops06 | E78: 11-Oct-16 | F78: 48823 | G78: 34 | H78: ACTIVE
A79: EMP111 | B79: Jane | C79: Gonzalez | D79: FIN03 | E79: 43575 | F79: 45196 | G79: 78 | H79: LEFT
A80: EMP040 | B80: Jane | C80: Rodriguez | D80: IT02 | E80: 02/19/2017 | F80: $86,246 | G80: 61 | H80: Actv
A81: EMP086 | B81: Emily | C81: Miller | D81: SAL05 | E81: 09/07/2021 | F81: 70359 | G81: 74 | H81: Left
A82: EMP124 | B82: Sarah | C82: Miller | D82: MKT04 | E82: 43599 | G82: 94 | H82: ACTIVE
A83: EMP076 | B83: Thomas | C83: Hernandez | D83: OPS06 | E83: 05-Aug-15 | F83: 97055 | G83: 80 | H83: Actv
A84: EMP132 | B84: Jessica | C84: Garcia | D84: OPS06 | E84: 42330 | F84: 86480 | H84: ACTIVE
A85: EMP048 | B85: Richard | C85: Smith | D85: hr01 | E85: 09/29/2018 | F85: $47,694 | G85: 75 | H85: ACTIVE
A86: EMP114 | B86: Melissa | C86: Wilson | D86: IT02 | E86: 45171 | F86: 83724 | G86: 81 | H86: Resigned
A87: EMP062 | B87: Thomas | C87: Williams | D87: FIN03 | E87: 44759 | F87: 98299 | G87: 61 | H87: Actv
A88: EMP074 | B88: David | C88: Williams | D88: FIN03 | E88: 07-Feb-21 | G88: 68 | H88: Actv
A89: EMP034 | B89: John | C89: Johnson | D89: it02 | E89: 10/04/2023 | F89: 52287 | G89: 70 | H89: active
A90: EMP105 | B90: Richard | C90: Gonzalez | D90: IT02 | E90: 44073 | F90: 82633 | G90: 98 | H90: ACTIVE
A91: EMP118 | B91: Melissa | C91: Anderson | D91: OPS06 | E91: 44422 | F91: 46508 | G91: 34 | H91: Active
A92: EMP063 | B92: Emily | C92: Gonzalez | D92: hr01 | E92: 27-Nov-19 | F92: 86232 | G92: 93 | H92: Active
A93: EMP094 | B93: Jane | C93: Davis | D93: it02 | E93: 25-May-17 | F93: $77,545 | G93: 48 | H93: Active
A94: EMP097 | B94: William | C94: Gonzalez | D94: OPS06 | E94: 43436 | F94: 68683 | G94: 90 | H94: Actv
A95: EMP054 | B95: Thomas | C95: Jones | D95: FIN03 | E95: 43639 | F95: 83932 | G95: 57 | H95: LEFT
A96: EMP006 | B96: Jessica | C96: Anderson | D96: HR01 | E96: 42304 | F96: 56073 | G96: 79 | H96: Active
A97: EMP110 | B97: Melissa | C97: Johnson | D97: IT02 | E97: 43270 | F97: $88,056 | G97: 66 | H97: Actv
A98: EMP147 | B98: Thomas | C98: Miller | D98: ops06 | E98: 43112 | F98: 67414 | G98: 84 | H98: Left
A99: EMP050 | B99: William | C99: Gonzalez | D99: SAL05 | E99: 42008 | F99: $115,288 | G99: 61 | H99: Actv
A100: EMP036 | C100: Smith | D100: SAL05 | E100: 43439 | F100: 80140 | G100: 58 | H100: Active
...

Sheet Transformed_Raw_Employee_Data
A1: Emp ID | B1: First_Name | C1: Last_Name | D1: Full Name | E1: Dept Code | F1: Department Name | G1: Hire Date | H1: Year of Service | I1: Salary | J1: Perf_Score | K1: Employment Status | L1: Performance Band | M1: Projected Bonus | N1: Bonus Amount
A2: EMP127 | B2: Emily | C2: Brown | D2: =_xlfn.TEXTJOIN(" ",TRUE,B2,C2) -> Emily Brown | E2: IT02 | F2: =_xlfn.XLOOKUP(E2,Lookup_Departments!$A$2:$A$7,Lookup_Departments!$B$2:$B$7) -> Information Technology | G2: 43093 | H2: 8 | I2: 50361 | J2: 52 | K2: Active | L2: {=_xlfn.IFS(J2<=49,"Needs Improvement",J2<=69,"Developing",J2<=84,"Achieving",J2<=94,"Exceeding",J2<=100,"Outstanding")} -> Developing | M2: =_xlfn.XLOOKUP(Transformed_Raw_Employee_Data!L2,Lookup_Performance!$C$2:$C$6,Lookup_Performance!$D$2:$D$6) -> 0.02 | N2: =I2*M2 -> 1007.22
A3: EMP046 | B3: Richard | C3: Hernandez | D3: =_xlfn.TEXTJOIN(" ",TRUE,B3,C3) -> Richard Hernandez | E3: MKT04 | F3: =_xlfn.XLOOKUP(E3,Lookup_Departments!$A$2:$A$7,Lookup_Departments!$B$2:$B$7) -> Marketing | G3: 44777 | H3: 3 | I3: 112673 | J3: 62.473684 | K3: Active | L3: {=_xlfn.IFS(J3<=49,"Needs Improvement",J3<=69,"Developing",J3<=84,"Achieving",J3<=94,"Exceeding",J3<=100,"Outstanding")} -> Developing | M3: =_xlfn.XLOOKUP(Transformed_Raw_Employee_Data!L3,Lookup_Performance!$C$2:$C$6,Lookup_Performance!$D$2:$D$6) -> 0.02 | N3: =I3*M3 -> 2253.46
A4: EMP134 | B4: Emily | C4: Gonzalez | D4: =_xlfn.TEXTJOIN(" ",TRUE,B4,C4) -> Emily Gonzalez | E4: IT02 | F4: =_xlfn.XLOOKUP(E4,Lookup_Departments!$A$2:$A$7,Lookup_Departments!$B$2:$B$7) -> Information Technology | G4: 42403 | H4: 10 | I4: 114425 | J4: 54 | K4: Left | L4: {=_xlfn.IFS(J4<=49,"Needs Improvement",J4<=69,"Developing",J4<=84,"Achieving",J4<=94,"Exceeding",J4<=100,"Outstanding")} -> Developing | M4: =_xlfn.XLOOKUP(Transformed_Raw_Employee_Data!L4,Lookup_Performance!$C$2:$C$6,Lookup_Performance!$D$2:$D$6) -> 0.02 | N4: =I4*M4 -> 2288.5
A5: EMP139 | B5: John | C5: Martinez | D5: =_xlfn.TEXTJOIN(" ",TRUE,B5,C5) -> John Martinez | E5: FIN03 | F5: =_xlfn.XLOOKUP(E5,Lookup_Departments!$A$2:$A$7,Lookup_Departments!$B$2:$B$7) -> Finance | G5: 44992 | H5: 3 | I5: 103831 | J5: 70 | K5: Active | L5: {=_xlfn.IFS(J5<=49,"Needs Improvement",J5<=69,"Developing",J5<=84,"Achieving",J5<=94,"Exceeding",J5<=100,"Outstanding")} -> Achieving | M5: =_xlfn.XLOOKUP(Transformed_Raw_Employee_Data!L5,Lookup_Performance!$C$2:$C$6,Lookup_Performance!$D$2:$D$6) -> 0.05 | N5: =I5*M5 -> 5191.55
A6: EMP112 | B6: Thomas | C6: Smith | D6: =_xlfn.TEXTJOIN(" ",TRUE,B6,C6) -> Thomas Smith | E6: IT02 | F6: =_xlfn.XLOOKUP(E6,Lookup_Departments!$A$2:$A$7,Lookup_Departments!$B$2:$B$7) -> Information Technology | G6: 44977 | H6: 3 | I6: 73785 | J6: 40 | K6: Left | L6: {=_xlfn.IFS(J6<=49,"Needs Improvement",J6<=69,"Developing",J6<=84,"Achieving",J6<=94,"Exceeding",J6<=100,"Outstanding")} -> Needs Improvement | M6: =_xlfn.XLOOKUP(Transformed_Raw_Employee_Data!L6,Lookup_Performance!$C$2:$C$6,Lookup_Performance!$D$2:$D$6) -> 0 | N6: =I6*M6 -> 0 | R6: Helper Table 1
A7: EMP030 | B7: Emily | C7: Johnson | D7: =_xlfn.TEXTJOIN(" ",TRUE,B7,C7) -> Emily Johnson | E7: OPS06 | F7: =_xlfn.XLOOKUP(E7,Lookup_Departments!$A$2:$A$7,Lookup_Departments!$B$2:$B$7) -> Operations | G7: 43864 | H7: 6 | I7: 115882 | J7: 49 | K7: Active | L7: {=_xlfn.IFS(J7<=49,"Needs Improvement",J7<=69,"Developing",J7<=84,"Achieving",J7<=94,"Exceeding",J7<=100,"Outstanding")} -> Needs Improvement | M7: =_xlfn.XLOOKUP(Transformed_Raw_Employee_Data!L7,Lookup_Performance!$C$2:$C$6,Lookup_Performance!$D$2:$D$6) -> 0 | N7: =I7*M7 -> 0 | P7: SUMIF | Q7: COUNTIF | R7: MEAN | S7: Department | T7: Column1
A8: EMP096 | B8: John | C8: Wilson | D8: =_xlfn.TEXTJOIN(" ",TRUE,B8,C8) -> John Wilson | E8: OPS06 | F8: =_xlfn.XLOOKUP(E8,Lookup_Departments!$A$2:$A$7,Lookup_Departments!$B$2:$B$7) -> Operations | G8: 45272 | H8: 2 | I8: 59980 | J8: 70 | K8: Left | L8: {=_xlfn.IFS(J8<=49,"Needs Improvement",J8<=69,"Developing",J8<=84,"Achieving",J8<=94,"Exceeding",J8<=100,"Outstanding")} -> Achieving | M8: =_xlfn.XLOOKUP(Transformed_Raw_Employee_Data!L8,Lookup_Performance!$C$2:$C$6,Lookup_Performance!$D$2:$D$6) -> 0.05 | N8: =I8*M8 -> 2999 | P8: =SUMIF(E2:E151,E2,I2:I151) -> 2824947.8 | Q8: =COUNTIF(E2:E151,E2) -> 36 | R8: =P8/Q8 -> 78470.773 | S8: IT | T8: 68901.167
A9: EMP098 | B9: Jessica | C9: Smith | D9: =_xlfn.TEXTJOIN(" ",TRUE,B9,C9) -> Jessica Smith | E9: OPS06 | F9: =_xlfn.XLOOKUP(E9,Lookup_Departments!$A$2:$A$7,Lookup_Departments!$B$2:$B$7) -> Operations | G9: 44086 | H9: 5 | I9: 68728 | J9: 45 | K9: Active | L9: {=_xlfn.IFS(J9<=49,"Needs Improvement",J9<=69,"Developing",J9<=84,"Achieving",J9<=94,"Exceeding",J9<=100,"Outstanding")} -> Needs Improvement | M9: =_xlfn.XLOOKUP(Transformed_Raw_Employee_Data!L9,Lookup_Performance!$C$2:$C$6,Lookup_Performance!$D$2:$D$6) -> 0 | N9: =I9*M9 -> 0 | P9: =SUMIF(E2:E151,E3,I2:I151) -> 1620154.7 | Q9: =COUNTIF(E2:E151,E3) -> 19 | R9: =P9/Q9 -> 85271.302 | S9: Marketing | T9: 81007.737
A10: EMP095 | C10: Rodriguez | D10: =_xlfn.TEXTJOIN(" ",TRUE,B10,C10) -> Rodriguez | E10: FIN03 | F10: =_xlfn.XLOOKUP(E10,Lookup_Departments!$A$2:$A$7,Lookup_Departments!$B$2:$B$7) -> Finance | G10: 43282 | H10: 8 | I10: 102139 | J10: 79 | K10: Active | L10: {=_xlfn.IFS(J10<=49,"Needs Improvement",J10<=69,"Developing",J10<=84,"Achieving",J10<=94,"Exceeding",J10<=100,"Outstanding")} -> Achieving | M10: =_xlfn.XLOOKUP(Transformed_Raw_Employee_Data!L10,Lookup_Performance!$C$2:$C$6,Lookup_Performance!$D$2:$D$6) -> 0.05 | N10: =I10*M10 -> 5106.95 | P10: =SUMIF(E2:E151,E5,I2:I151) -> 1448398.8 | Q10: =COUNTIF(E2:E151,E5) -> 17 | R10: =P10/Q10 -> 85199.931 | S10: Finance | T10: 72419.941
A11: EMP140 | B11: Michael | C11: Martinez | D11: =_xlfn.TEXTJOIN(" ",TRUE,B11,C11) -> Michael Martinez | E11: SAL05 | F11: =_xlfn.XLOOKUP(E11,Lookup_Departments!$A$2:$A$7,Lookup_Departments!$B$2:$B$7) -> Sales | G11: 42411 | H11: 10 | I11: 94998 | J11: 58 | K11: Active | L11: {=_xlfn.IFS(J11<=49,"Needs Improvement",J11<=69,"Developing",J11<=84,"Achieving",J11<=94,"Exceeding",J11<=100,"Outstanding")} -> Developing | M11: =_xlfn.XLOOKUP(Transformed_Raw_Employee_Data!L11,Lookup_Performance!$C$2:$C$6,Lookup_Performance!$D$2:$D$6) -> 0.02 | N11: =I11*M11 -> 1899.96 | P11: =SUMIF(E2:E151,E7,I2:I151) -> 2302808.3 | Q11: =COUNTIF(E2:E151,E7) -> 29 | R11: =P11/Q11 -> 79407.182 | S11: Operations | T11: 74284.138
A12: EMP020 | B12: Emily | C12: Miller | D12: =_xlfn.TEXTJOIN(" ",TRUE,B12,C12) -> Emily Miller | E12: SAL05 | F12: =_xlfn.XLOOKUP(E12,Lookup_Departments!$A$2:$A$7,Lookup_Departments!$B$2:$B$7) -> Sales | G12: 43911 | H12: 6 | I12: 118635 | J12: 49 | K12: Active | L12: {=_xlfn.IFS(J12<=49,"Needs Improvement",J12<=69,"Developing",J12<=84,"Achieving",J12<=94,"Exceeding",J12<=100,"Outstanding")} -> Needs Improvement | M12: =_xlfn.XLOOKUP(Transformed_Raw_Employee_Data!L12,Lookup_Performance!$C$2:$C$6,Lookup_Performance!$D$2:$D$6) -> 0 | N12: =I12*M12 -> 0 | P12: =SUMIF(E2:E151,E11,I2:I151) -> 2525557 | Q12: =COUNTIF(E2:E151,E11) -> 31 | R12: =P12/Q12 -> 81469.58 | S12: Sales | T12: 64757.871
A13: EMP057 | B13: Emily | C13: Hernandez | D13: =_xlfn.TEXTJOIN(" ",TRUE,B13,C13) -> Emily Hernandez | E13: IT02 | F13: =_xlfn.XLOOKUP(E13,Lookup_Departments!$A$2:$A$7,Lookup_Departments!$B$2:$B$7) -> Information Technology | G13: 42425 | H13: 10 | I13: 76918 | J13: 62 | K13: Active | L13: {=_xlfn.IFS(J13<=49,"Needs Improvement",J13<=69,"Developing",J13<=84,"Achieving",J13<=94,"Exceeding",J13<=100,"Outstanding")} -> Developing | M13: =_xlfn.XLOOKUP(Transformed_Raw_Employee_Data!L13,Lookup_Performance!$C$2:$C$6,Lookup_Performance!$D$2:$D$6) -> 0.02 | N13: =I13*M13 -> 1538.36 | P13: =SUMIF(E2:E151,E35,I2:I151) -> 1536940.6 | Q13: =COUNTIF(E2:E151,E35) -> 18 | R13: =P13/Q13 -> 85385.59 | S13: Human Resources | T13: 80891.611
A14: EMP016 | B14: Jane | C14: Williams | D14: =_xlfn.TEXTJOIN(" ",TRUE,B14,C14) -> Jane Williams | E14: MKT04 | F14: =_xlfn.XLOOKUP(E14,Lookup_Departments!$A$2:$A$7,Lookup_Departments!$B$2:$B$7) -> Marketing | G14: 44364 | H14: 5 | I14: 61408 | J14: 48 | K14: Active | L14: {=_xlfn.IFS(J14<=49,"Needs Improvement",J14<=69,"Developing",J14<=84,"Achieving",J14<=94,"Exceeding",J14<=100,"Outstanding")} -> Needs Improvement | M14: =_xlfn.XLOOKUP(Transformed_Raw_Employee_Data!L14,Lookup_Performance!$C$2:$C$6,Lookup_Performance!$D$2:$D$6) -> 0 | N14: =I14*M14 -> 0
A15: EMP070 | B15: Jane | C15: Miller | D15: =_xlfn.TEXTJOIN(" ",TRUE,B15,C15) -> Jane Miller | E15: MKT04 | F15: =_xlfn.XLOOKUP(E15,Lookup_Departments!$A$2:$A$7,Lookup_Departments!$B$2:$B$7) -> Marketing | G15: 44001 | H15: 6 | I15: 99990 | J15: 54 | K15: Active | L15: {=_xlfn.IFS(J15<=49,"Needs Improvement",J15<=69,"Developing",J15<=84,"Achieving",J15<=94,"Exceeding",J15<=100,"Outstanding")} -> Developing | M15: =_xlfn.XLOOKUP(Transformed_Raw_Employee_Data!L15,Lookup_Performance!$C$2:$C$6,Lookup_Performance!$D$2:$D$6) -> 0.02 | N15: =I15*M15 -> 1999.8 | R15: Helper Table 2
A16: EMP025 | B16: Robert | C16: Jones | D16: =_xlfn.TEXTJOIN(" ",TRUE,B16,C16) -> Robert Jones | E16: MKT04 | F16: =_xlfn.XLOOKUP(E16,Lookup_Departments!$A$2:$A$7,Lookup_Departments!$B$2:$B$7) -> Marketing | G16: 43820 | H16: 6 | I16: 80385 | J16: 62.473684 | K16: Active | L16: {=_xlfn.IFS(J16<=49,"Needs Improvement",J16<=69,"Developing",J16<=84,"Achieving",J16<=94,"Exceeding",J16<=100,"Outstanding")} -> Developing | M16: =_xlfn.XLOOKUP(Transformed_Raw_Employee_Data!L16,Lookup_Performance!$C$2:$C$6,Lookup_Performance!$D$2:$D$6) -> 0.02 | N16: =I16*M16 -> 1607.7 | P16: SUMIF | Q16: COUNTIF | R16: MEAN | S16: Department
A17: EMP031 | B17: Thomas | C17: Rodriguez | D17: =_xlfn.TEXTJOIN(" ",TRUE,B17,C17) -> Thomas Rodriguez | E17: SAL05 | F17: =_xlfn.XLOOKUP(E17,Lookup_Departments!$A$2:$A$7,Lookup_Departments!$B$2:$B$7) -> Sales | G17: 45169 | H17: 2 | I17: 65290 | J17: 77 | K17: Active | L17: {=_xlfn.IFS(J17<=49,"Needs Improvement",J17<=69,"Developing",J17<=84,"Achieving",J17<=94,"Exceeding",J17<=100,"Outstanding")} -> Achieving | M17: =_xlfn.XLOOKUP(Transformed_Raw_Employee_Data!L17,Lookup_Performance!$C$2:$C$6,Lookup_Performance!$D$2:$D$6) -> 0.05 | N17: =I17*M17 -> 3264.5 | P17: =SUMIF(E2:E151,E2,J2:J151) -> 2349.5 | Q17: =COUNTIF(E2:E151,E2) -> 36 | R17: =P17/Q17 -> 65.263889 | S17: IT
A18: EMP126 | B18: Emily | C18: Davis | D18: =_xlfn.TEXTJOIN(" ",TRUE,B18,C18) -> Emily Davis | E18: IT02 | F18: =_xlfn.XLOOKUP(E18,Lookup_Departments!$A$2:$A$7,Lookup_Departments!$B$2:$B$7) -> Information Technology | G18: 42337 | H18: 10 | I18: 105765 | J18: 42 | K18: Active | L18: {=_xlfn.IFS(J18<=49,"Needs Improvement",J18<=69,"Developing",J18<=84,"Achieving",J18<=94,"Exceeding",J18<=100,"Outstanding")} -> Needs Improvement | M18: =_xlfn.XLOOKUP(Transformed_Raw_Employee_Data!L18,Lookup_Performance!$C$2:$C$6,Lookup_Performance!$D$2:$D$6) -> 0 | N18: =I18*M18 -> 0 | P18: =SUMIF(E2:E151,E3,J2:J151) -> 1374.4211 | Q18: =COUNTIF(E2:E151,E3) -> 19 | R18: =P18/Q18 -> 72.33795 | S18: Marketing
A19: EMP109 | B19: James | C19: Martinez | D19: =_xlfn.TEXTJOIN(" ",TRUE,B19,C19) -> James Martinez | E19: SAL05 | F19: =_xlfn.XLOOKUP(E19,Lookup_Departments!$A$2:$A$7,Lookup_Departments!$B$2:$B$7) -> Sales | G19: 42899 | H19: 9 | I19: 102921 | J19: 49 | K19: Active | L19: {=_xlfn.IFS(J19<=49,"Needs Improvement",J19<=69,"Developing",J19<=84,"Achieving",J19<=94,"Exceeding",J19<=100,"Outstanding")} -> Needs Improvement | M19: =_xlfn.XLOOKUP(Transformed_Raw_Employee_Data!L19,Lookup_Performance!$C$2:$C$6,Lookup_Performance!$D$2:$D$6) -> 0 | N19: =I19*M19 -> 0 | P19: =SUMIF(E2:E151,E5,J2:J151) -> 1172 | Q19: =COUNTIF(E2:E151,E5) -> 17 | R19: =P19/Q19 -> 68.941176 | S19: Finance
A20: EMP066 | B20: Ashley | C20: Lopez | D20: =_xlfn.TEXTJOIN(" ",TRUE,B20,C20) -> Ashley Lopez | E20: MKT04 | F20: =_xlfn.XLOOKUP(E20,Lookup_Departments!$A$2:$A$7,Lookup_Departments!$B$2:$B$7) -> Marketing | G20: 43235 | H20: 8 | I20: 73984 | J20: 93 | K20: Active | L20: {=_xlfn.IFS(J20<=49,"Needs Improvement",J20<=69,"Developing",J20<=84,"Achieving",J20<=94,"Exceeding",J20<=100,"Outstanding")} -> Exceeding | M20: =_xlfn.XLOOKUP(Transformed_Raw_Employee_Data!L20,Lookup_Performance!$C$2:$C$6,Lookup_Performance!$D$2:$D$6) -> 0.08 | N20: =I20*M20 -> 5918.72 | P20: =SUMIF(E2:E151,E7,J2:J151) -> 2013 | Q20: =COUNTIF(E2:E151,E7) -> 29 | R20: =P20/Q20 -> 69.413793 | S20: Operations
A21: EMP120 | B21: Amanda | C21: Gonzalez | D21: =_xlfn.TEXTJOIN(" ",TRUE,B21,C21) -> Amanda Gonzalez | E21: IT02 | F21: =_xlfn.XLOOKUP(E21,Lookup_Departments!$A$2:$A$7,Lookup_Departments!$B$2:$B$7) -> Information Technology | G21: 42575 | H21: 9 | I21: 68901.167 | J21: 75 | K21: Active | L21: {=_xlfn.IFS(J21<=49,"Needs Improvement",J21<=69,"Developing",J21<=84,"Achieving",J21<=94,"Exceeding",J21<=100,"Outstanding")} -> Achieving | M21: =_xlfn.XLOOKUP(Transformed_Raw_Employee_Data!L21,Lookup_Performance!$C$2:$C$6,Lookup_Performance!$D$2:$D$6) -> 0.05 | N21: =I21*M21 -> 3445.0583 | P21: =SUMIF(E2:E151,E11,J2:J151) -> 1982 | Q21: =COUNTIF(E2:E151,E11) -> 31 | R21: =P21/Q21 -> 63.935484 | S21: Sales
A22: EMP019 | B22: Michael | C22: Hernandez | D22: =_xlfn.TEXTJOIN(" ",TRUE,B22,C22) -> Michael Hernandez | E22: FIN03 | F22: =_xlfn.XLOOKUP(E22,Lookup_Departments!$A$2:$A$7,Lookup_Departments!$B$2:$B$7) -> Finance | G22: 42928 | H22: 8 | I22: 118527 | J22: 50 | K22: Active | L22: {=_xlfn.IFS(J22<=49,"Needs Improvement",J22<=69,"Developing",J22<=84,"Achieving",J22<=94,"Exceeding",J22<=100,"Outstanding")} -> Developing | M22: =_xlfn.XLOOKUP(Transformed_Raw_Employee_Data!L22,Lookup_Performance!$C$2:$C$6,Lookup_Performance!$D$2:$D$6) -> 0.02 | N22: =I22*M22 -> 2370.54 | P22: =SUMIF(E2:E151,E35,J2:J151) -> 1278 | Q22: =COUNTIF(E2:E151,E35) -> 18 | R22: =P22/Q22 -> 71 | S22: Human Resources
A23: EMP013 | B23: Richard | C23: Hernandez | D23: =_xlfn.TEXTJOIN(" ",TRUE,B23,C23) -> Richard Hernandez | E23: MKT04 | F23: =_xlfn.XLOOKUP(E23,Lookup_Departments!$A$2:$A$7,Lookup_Departments!$B$2:$B$7) -> Marketing | G23: 44353 | H23: 5 | I23: 107871 | J23: 88 | K23: Active | L23: {=_xlfn.IFS(J23<=49,"Needs Improvement",J23<=69,"Developing",J23<=84,"Achieving",J23<=94,"Exceeding",J23<=100,"Outstanding")} -> Exceeding | M23: =_xlfn.XLOOKUP(Transformed_Raw_Employee_Data!L23,Lookup_Performance!$C$2:$C$6,Lookup_Performance!$D$2:$D$6) -> 0.08 | N23: =I23*M23 -> 8629.68
A24: EMP010 | B24: Michael | C24: Rodriguez | D24: =_xlfn.TEXTJOIN(" ",TRUE,B24,C24) -> Michael Rodriguez | E24: IT02 | F24: =_xlfn.XLOOKUP(E24,Lookup_Departments!$A$2:$A$7,Lookup_Departments!$B$2:$B$7) -> Information Technology | G24: 44874 | H24: 3 | I24: 93956 | J24: 50 | K24: Left | L24: {=_xlfn.IFS(J24<=49,"Needs Improvement",J24<=69,"Developing",J24<=84,"Achieving",J24<=94,"Exceeding",J24<=100,"Outstanding")} -> Developing | M24: =_xlfn.XLOOKUP(Transformed_Raw_Employee_Data!L24,Lookup_Performance!$C$2:$C$6,Lookup_Performance!$D$2:$D$6) -> 0.02 | N24: =I24*M24 -> 1879.12
A25: EMP032 | B25: Jessica | C25: Johnson | D25: =_xlfn.TEXTJOIN(" ",TRUE,B25,C25) -> Jessica Johnson | E25: FIN03 | F25: =_xlfn.XLOOKUP(E25,Lookup_Departments!$A$2:$A$7,Lookup_Departments!$B$2:$B$7) -> Finance | G25: 42565 | H25: 9 | I25: 100851 | J25: 64 | K25: Active | L25: {=_xlfn.IFS(J25<=49,"Needs Improvement",J25<=69,"Developing",J25<=84,"Achieving",J25<=94,"Exceeding",J25<=100,"Outstanding")} -> Developing | M25: =_xlfn.XLOOKUP(Transformed_Raw_Employee_Data!L25,Lookup_Performance!$C$2:$C$6,Lookup_Performance!$D$2:$D$6) -> 0.02 | N25: =I25*M25 -> 2017.02
A26: EMP082 | B26: Ashley | C26: Williams | D26: =_xlfn.TEXTJOIN(" ",TRUE,B26,C26) -> Ashley Williams | E26: SAL05 | F26: =_xlfn.XLOOKUP(E26,Lookup_Departments!$A$2:$A$7,Lookup_Departments!$B$2:$B$7) -> Sales | G26: 44728 | H26: 4 | I26: 68655 | J26: 32 | K26: Active | L26: {=_xlfn.IFS(J26<=49,"Needs Improvement",J26<=69,"Developing",J26<=84,"Achieving",J26<=94,"Exceeding",J26<=100,"Outstanding")} -> Needs Improvement | M26: =_xlfn.XLOOKUP(Transformed_Raw_Employee_Data!L26,Lookup_Performance!$C$2:$C$6,Lookup_Performance!$D$2:$D$6) -> 0 | N26: =I26*M26 -> 0
A27: EMP052 | C27: Williams | D27: =_xlfn.TEXTJOIN(" ",TRUE,B27,C27) -> Williams | E27: SAL05 | F27: =_xlfn.XLOOKUP(E27,Lookup_Departments!$A$2:$A$7,Lookup_Departments!$B$2:$B$7) -> Sales | G27: 45134 | H27: 2 | I27: 81205 | J27: 59 | K27: Active | L27: {=_xlfn.IFS(J27<=49,"Needs Improvement",J27<=69,"Developing",J27<=84,"Achieving",J27<=94,"Exceeding",J27<=100,"Outstanding")} -> Developing | M27: =_xlfn.XLOOKUP(Transformed_Raw_Employee_Data!L27,Lookup_Performance!$C$2:$C$6,Lookup_Performance!$D$2:$D$6) -> 0.02 | N27: =I27*M27 -> 1624.1
A28: EMP129 | B28: John | C28: Wilson | D28: =_xlfn.TEXTJOIN(" ",TRUE,B28,C28) -> John Wilson | E28: SAL05 | F28: =_xlfn.XLOOKUP(E28,Lookup_Departments!$A$2:$A$7,Lookup_Departments!$B$2:$B$7) -> Sales | G28: 43732 | H28: 6 | I28: 77610 | J28: 88 | K28: Active | L28: {=_xlfn.IFS(J28<=49,"Needs Improvement",J28<=69,"Developing",J28<=84,"Achieving",J28<=94,"Exceeding",J28<=100,"Outstanding")} -> Exceeding | M28: =_xlfn.XLOOKUP(Transformed_Raw_Employee_Data!L28,Lookup_Performance!$C$2:$C$6,Lookup_Performance!$D$2:$D$6) -> 0.08 | N28: =I28*M28 -> 6208.8
A29: EMP146 | B29: Thomas | C29: Rodriguez | D29: =_xlfn.TEXTJOIN(" ",TRUE,B29,C29) -> Thomas Rodriguez | E29: IT02 | F29: =_xlfn.XLOOKUP(E29,Lookup_Departments!$A$2:$A$7,Lookup_Departments!$B$2:$B$7) -> Information Technology | G29: 44765 | H29: 3 | I29: 50873 | J29: 90 | K29: Active | L29: {=_xlfn.IFS(J29<=49,"Needs Improvement",J29<=69,"Developing",J29<=84,"Achieving",J29<=94,"Exceeding",J29<=100,"Outstanding")} -> Exceeding | M29: =_xlfn.XLOOKUP(Transformed_Raw_Employee_Data!L29,Lookup_Performance!$C$2:$C$6,Lookup_Performance!$D$2:$D$6) -> 0.08 | N29: =I29*M29 -> 4069.84
A30: EMP099 | B30: Michael | C30: Wilson | D30: =_xlfn.TEXTJOIN(" ",TRUE,B30,C30) -> Michael Wilson | E30: FIN03 | F30: =_xlfn.XLOOKUP(E30,Lookup_Departments!$A$2:$A$7,Lookup_Departments!$B$2:$B$7) -> Finance | G30: 43233 | H30: 8 | I30: 85312 | J30: 66 | K30: Active | L30: {=_xlfn.IFS(J30<=49,"Needs Improvement",J30<=69,"Developing",J30<=84,"Achieving",J30<=94,"Exceeding",J30<=100,"Outstanding")} -> Developing | M30: =_xlfn.XLOOKUP(Transformed_Raw_Employee_Data!L30,Lookup_Performance!$C$2:$C$6,Lookup_Performance!$D$2:$D$6) -> 0.02 | N30: =I30*M30 -> 1706.24
A31: EMP015 | B31: John | C31: Rodriguez | D31: =_xlfn.TEXTJOIN(" ",TRUE,B31,C31) -> John Rodriguez | E31: SAL05 | F31: =_xlfn.XLOOKUP(E31,Lookup_Departments!$A$2:$A$7,Lookup_Departments!$B$2:$B$7) -> Sales | G31: 42202 | H31: 10 | I31: 64757.871 | J31: 68 | K31: Active | L31: {=_xlfn.IFS(J31<=49,"Needs Improvement",J31<=69,"Developing",J31<=84,"Achieving",J31<=94,"Exceeding",J31<=100,"Outstanding")} -> Developing | M31: =_xlfn.XLOOKUP(Transformed_Raw_Employee_Data!L31,Lookup_Performance!$C$2:$C$6,Lookup_Performance!$D$2:$D$6) -> 0.02 | N31: =I31*M31 -> 1295.1574
A32: EMP076 | B32: Thomas | C32: Hernandez | D32: =_xlfn.TEXTJOIN(" ",TRUE,B32,C32) -> Thomas Hernandez | E32: OPS06 | F32: =_xlfn.XLOOKUP(E32,Lookup_Departments!$A$2:$A$7,Lookup_Departments!$B$2:$B$7) -> Operations | G32: 42132 | H32: 11 | I32: 97055 | J32: 80 | K32: Active | L32: {=_xlfn.IFS(J32<=49,"Needs Improvement",J32<=69,"Developing",J32<=84,"Achieving",J32<=94,"Exceeding",J32<=100,"Outstanding")} -> Achieving | M32: =_xlfn.XLOOKUP(Transformed_Raw_Employee_Data!L32,Lookup_Performance!$C$2:$C$6,Lookup_Performance!$D$2:$D$6) -> 0.05 | N32: =I32*M32 -> 4852.75
A33: EMP137 | B33: Michael | C33: Johnson | D33: =_xlfn.TEXTJOIN(" ",TRUE,B33,C33) -> Michael Johnson | E33: IT02 | F33: =_xlfn.XLOOKUP(E33,Lookup_Departments!$A$2:$A$7,Lookup_Departments!$B$2:$B$7) -> Information Technology | G33: 45195 | H33: 2 | I33: 66069 | J33: 72 | K33: Active | L33: {=_xlfn.IFS(J33<=49,"Needs Improvement",J33<=69,"Developing",J33<=84,"Achieving",J33<=94,"Exceeding",J33<=100,"Outstanding")} -> Achieving | M33: =_xlfn.XLOOKUP(Transformed_Raw_Employee_Data!L33,Lookup_Performance!$C$2:$C$6,Lookup_Performance!$D$2:$D$6) -> 0.05 | N33: =I33*M33 -> 3303.45
A34: EMP056 | B34: Sarah | C34: Brown | D34: =_xlfn.TEXTJOIN(" ",TRUE,B34,C34) -> Sarah Brown | E34: IT02 | F34: =_xlfn.XLOOKUP(E34,Lookup_Departments!$A$2:$A$7,Lookup_Departments!$B$2:$B$7) -> Information Technology | G34: 43744 | H34: 6 | I34: 90157 | J34: 58 | K34: Active | L34: {=_xlfn.IFS(J34<=49,"Needs Improvement",J34<=69,"Developing",J34<=84,"Achieving",J34<=94,"Exceeding",J34<=100,"Outstanding")} -> Developing | M34: =_xlfn.XLOOKUP(Transformed_Raw_Employee_Data!L34,Lookup_Performance!$C$2:$C$6,Lookup_Performance!$D$2:$D$6) -> 0.02 | N34: =I34*M34 -> 1803.14
A35: EMP125 | B35: Jane | C35: Martinez | D35: =_xlfn.TEXTJOIN(" ",TRUE,B35,C35) -> Jane Martinez | E35: HR01 | F35: =_xlfn.XLOOKUP(E35,Lookup_Departments!$A$2:$A$7,Lookup_Departments!$B$2:$B$7) -> Human Resources | G35: 44578 | H35: 4 | I35: 59899 | J35: 78 | K35: Active | L35: {=_xlfn.IFS(J35<=49,"Needs Improvement",J35<=69,"Developing",J35<=84,"Achieving",J35<=94,"Exceeding",J35<=100,"Outstanding")} -> Achieving | M35: =_xlfn.XLOOKUP(Transformed_Raw_Employee_Data!L35,Lookup_Performance!$C$2:$C$6,Lookup_Performance!$D$2:$D$6) -> 0.05 | N35: =I35*M35 -> 2994.95
A36: EMP085 | B36: Emily | C36: Jones | D36: =_xlfn.TEXTJOIN(" ",TRUE,B36,C36) -> Emily Jones | E36: FIN03 | F36: =_xlfn.XLOOKUP(E36,Lookup_Departments!$A$2:$A$7,Lookup_Departments!$B$2:$B$7) -> Finance | G36: 42801 | H36: 9 | I36: 113389 | J36: 30 | K36: Active | L36: {=_xlfn.IFS(J36<=49,"Needs Improvement",J36<=69,"Developing",J36<=84,"Achieving",J36<=94,"Exceeding",J36<=100,"Outstanding")} -> Needs Improvement | M36: =_xlfn.XLOOKUP(Transformed_Raw_Employee_Data!L36,Lookup_Performance!$C$2:$C$6,Lookup_Performance!$D$2:$D$6) -> 0 | N36: =I36*M36 -> 0
A37: EMP106 | C37: Brown | D37: =_xlfn.TEXTJOIN(" ",TRUE,B37,C37) -> Brown | E37: IT02 | F37: =_xlfn.XLOOKUP(E37,Lookup_Departments!$A$2:$A$7,Lookup_Departments!$B$2:$B$7) -> Information Technology | G37: 42013 | H37: 11 | I37: 102691 | J37: 52 | K37: Active | L37: {=_xlfn.IFS(J37<=49,"Needs Improvement",J37<=69,"Developing",J37<=84,"Achieving",J37<=94,"Exceeding",J37<=100,"Outstanding")} -> Developing | M37: =_xlfn.XLOOKUP(Transformed_Raw_Employee_Data!L37,Lookup_Performance!$C$2:$C$6,Lookup_Performance!$D$2:$D$6) -> 0.02 | N37: =I37*M37 -> 2053.82
A38: EMP043 | B38: John | C38: Wilson | D38: =_xlfn.TEXTJOIN(" ",TRUE,B38,C38) -> John Wilson | E38: OPS06 | F38: =_xlfn.XLOOKUP(E38,Lookup_Departments!$A$2:$A$7,Lookup_Departments!$B$2:$B$7) -> Operations | G38: 44628 | H38: 4 | I38: 111845 | J38: 98 | K38: Active | L38: {=_xlfn.IFS(J38<=49,"Needs Improvement",J38<=69,"Developing",J38<=84,"Achieving",J38<=94,"Exceeding",J38<=100,"Outstanding")} -> Outstanding | M38: =_xlfn.XLOOKUP(Transformed_Raw_Employee_Data!L38,Lookup_Performance!$C$2:$C$6,Lookup_Performance!$D$2:$D$6) -> 0.12 | N38: =I38*M38 -> 13421.4
A39: EMP068 | B39: Melissa | C39: Brown | D39: =_xlfn.TEXTJOIN(" ",TRUE,B39,C39) -> Melissa Brown | E39: SAL05 | F39: =_xlfn.XLOOKUP(E39,Lookup_Departments!$A$2:$A$7,Lookup_Departments!$B$2:$B$7) -> Sales | G39: 44741 | H39: 4 | I39: 69219 | J39: 93 | K39: Active | L39: {=_xlfn.IFS(J39<=49,"Needs Improvement",J39<=69,"Developing",J39<=84,"Achieving",J39<=94,"Exceeding",J39<=100,"Outstanding")} -> Exceeding | M39: =_xlfn.XLOOKUP(Transformed_Raw_Employee_Data!L39,Lookup_Performance!$C$2:$C$6,Lookup_Performance!$D$2:$D$6) -> 0.08 | N39: =I39*M39 -> 5537.52
A40: EMP128 | B40: Michael | C40: Smith | D40: =_xlfn.TEXTJOIN(" ",TRUE,B40,C40) -> Michael Smith | E40: FIN03 | F40: =_xlfn.XLOOKUP(E40,Lookup_Departments!$A$2:$A$7,Lookup_Departments!$B$2:$B$7) -> Finance | G40: 43949 | H40: 6 | I40: 72419.941 | J40: 80 | K40: Left | L40: {=_xlfn.IFS(J40<=49,"Needs Improvement",J40<=69,"Developing",J40<=84,"Achieving",J40<=94,"Exceeding",J40<=100,"Outstanding")} -> Achieving | M40: =_xlfn.XLOOKUP(Transformed_Raw_Employee_Data!L40,Lookup_Performance!$C$2:$C$6,Lookup_Performance!$D$2:$D$6) -> 0.05 | N40: =I40*M40 -> 3620.9971
A41: EMP027 | B41: Sarah | C41: Miller | D41: =_xlfn.TEXTJOIN(" ",TRUE,B41,C41) -> Sarah Miller | E41: OPS06 | F41: =_xlfn.XLOOKUP(E41,Lookup_Departments!$A$2:$A$7,Lookup_Departments!$B$2:$B$7) -> Operations | G41: 42987 | H41: 8 | I41: 57514 | J41: 63 | K41: Active | L41: {=_xlfn.IFS(J41<=49,"Needs Improvement",J41<=69,"Developing",J41<=84,"Achieving",J41<=94,"Exceeding",J41<=100,"Outstanding")} -> Developing | M41: =_xlfn.XLOOKUP(Transformed_Raw_Employee_Data!L41,Lookup_Performance!$C$2:$C$6,Lookup_Performance!$D$2:$D$6) -> 0.02 | N41: =I41*M41 -> 1150.28
A42: EMP136 | B42: Emily | C42: Wilson | D42: =_xlfn.TEXTJOIN(" ",TRUE,B42,C42) -> Emily Wilson | E42: SAL05 | F42: =_xlfn.XLOOKUP(E42,Lookup_Departments!$A$2:$A$7,Lookup_Departments!$B$2:$B$7) -> Sales | G42: 43181 | H42: 8 | I42: 86245 | J42: 71 | K42: Left | L42: {=_xlfn.IFS(J42<=49,"Needs Improvement",J42<=69,"Developing",J42<=84,"Achieving",J42<=94,"Exceeding",J42<=100,"Outstanding")} -> Achieving | M42: =_xlfn.XLOOKUP(Transformed_Raw_Employee_Data!L42,Lookup_Performance!$C$2:$C$6,Lookup_Performance!$D$2:$D$6) -> 0.05 | N42: =I42*M42 -> 4312.25
A43: EMP079 | B43: David | C43: Hernandez | D43: =_xlfn.TEXTJOIN(" ",TRUE,B43,C43) -> David Hernandez | E43: SAL05 | F43: =_xlfn.XLOOKUP(E43,Lookup_Departments!$A$2:$A$7,Lookup_Departments!$B$2:$B$7) -> Sales | G43: 44017 | H43: 5 | I43: 52407 | J43: 55 | K43: Active | L43: {=_xlfn.IFS(J43<=49,"Needs Improvement",J43<=69,"Developing",J43<=84,"Achieving",J43<=94,"Exceeding",J43<=100,"Outstanding")} -> Developing | M43: =_xlfn.XLOOKUP(Transformed_Raw_Employee_Data!L43,Lookup_Performance!$C$2:$C$6,Lookup_Performance!$D$2:$D$6) -> 0.02 | N43: =I43*M43 -> 1048.14
A44: EMP149 | B44: James | C44: Smith | D44: =_xlfn.TEXTJOIN(" ",TRUE,B44,C44) -> James Smith | E44: OPS06 | F44: =_xlfn.XLOOKUP(E44,Lookup_Departments!$A$2:$A$7,Lookup_Departments!$B$2:$B$7) -> Operations | G44: 43549 | H44: 7 | I44: 66606 | J44: 93 | K44: Resigned | L44: {=_xlfn.IFS(J44<=49,"Needs Improvement",J44<=69,"Developing",J44<=84,"Achieving",J44<=94,"Exceeding",J44<=100,"Outstanding")} -> Exceeding | M44: =_xlfn.XLOOKUP(Transformed_Raw_Employee_Data!L44,Lookup_Performance!$C$2:$C$6,Lookup_Performance!$D$2:$D$6) -> 0.08 | N44: =I44*M44 -> 5328.48
A45: EMP037 | B45: Sarah | C45: Williams | D45: =_xlfn.TEXTJOIN(" ",TRUE,B45,C45) -> Sarah Williams | E45: IT02 | F45: =_xlfn.XLOOKUP(E45,Lookup_Departments!$A$2:$A$7,Lookup_Departments!$B$2:$B$7) -> Information Technology | G45: 43716 | H45: 6 | I45: 81896 | J45: 79 | K45: Resigned | L45: {=_xlfn.IFS(J45<=49,"Needs Improvement",J45<=69,"Developing",J45<=84,"Achieving",J45<=94,"Exceeding",J45<=100,"Outstanding")} -> Achieving | M45: =_xlfn.XLOOKUP(Transformed_Raw_Employee_Data!L45,Lookup_Performance!$C$2:$C$6,Lookup_Performance!$D$2:$D$6) -> 0.05 | N45: =I45*M45 -> 4094.8
A46: EMP077 | B46: Amanda | C46: Lopez | D46: =_xlfn.TEXTJOIN(" ",TRUE,B46,C46) -> Amanda Lopez | E46: SAL05 | F46: =_xlfn.XLOOKUP(E46,Lookup_Departments!$A$2:$A$7,Lookup_Departments!$B$2:$B$7) -> Sales | G46: 42565 | H46: 9 | I46: 78402 | J46: 54 | K46: Active | L46: {=_xlfn.IFS(J46<=49,"Needs Improvement",J46<=69,"Developing",J46<=84,"Achieving",J46<=94,"Exceeding",J46<=100,"Outstanding")} -> Developing | M46: =_xlfn.XLOOKUP(Transformed_Raw_Employee_Data!L46,Lookup_Performance!$C$2:$C$6,Lookup_Performance!$D$2:$D$6) -> 0.02 | N46: =I46*M46 -> 1568.04
A47: EMP023 | B47: Thomas | C47: Lopez | D47: =_xlfn.TEXTJOIN(" ",TRUE,B47,C47) -> Thomas Lopez | E47: OPS06 | F47: =_xlfn.XLOOKUP(E47,Lookup_Departments!$A$2:$A$7,Lookup_Departments!$B$2:$B$7) -> Operations | G47: 42470 | H47: 10 | I47: 105498 | J47: 76 | K47: Active | L47: {=_xlfn.IFS(J47<=49,"Needs Improvement",J47<=69,"Developing",J47<=84,"Achieving",J47<=94,"Exceeding",J47<=100,"Outstanding")} -> Achieving | M47: =_xlfn.XLOOKUP(Transformed_Raw_Employee_Data!L47,Lookup_Performance!$C$2:$C$6,Lookup_Performance!$D$2:$D$6) -> 0.05 | N47: =I47*M47 -> 5274.9
A48: EMP133 | B48: Melissa | C48: Johnson | D48: =_xlfn.TEXTJOIN(" ",TRUE,B48,C48) -> Melissa Johnson | E48: MKT04 | F48: =_xlfn.XLOOKUP(E48,Lookup_Departments!$A$2:$A$7,Lookup_Departments!$B$2:$B$7) -> Marketing | G48: 43745 | H48: 6 | I48: 91749 | J48: 72 | K48: Left | L48: {=_xlfn.IFS(J48<=49,"Needs Improvement",J48<=69,"Developing",J48<=84,"Achieving",J48<=94,"Exceeding",J48<=100,"Outstanding")} -> Achieving | M48: =_xlfn.XLOOKUP(Transformed_Raw_Employee_Data!L48,Lookup_Performance!$C$2:$C$6,Lookup_Performance!$D$2:$D$6) -> 0.05 | N48: =I48*M48 -> 4587.45
A49: EMP141 | B49: Amanda | C49: Johnson | D49: =_xlfn.TEXTJOIN(" ",TRUE,B49,C49) -> Amanda Johnson | E49: OPS06 | F49: =_xlfn.XLOOKUP(E49,Lookup_Departments!$A$2:$A$7,Lookup_Departments!$B$2:$B$7) -> Operations | G49: 44437 | H49: 4 | I49: 99935 | J49: 84 | K49: Resigned | L49: {=_xlfn.IFS(J49<=49,"Needs Improvement",J49<=69,"Developing",J49<=84,"Achieving",J49<=94,"Exceeding",J49<=100,"Outstanding")} -> Achieving | M49: =_xlfn.XLOOKUP(Transformed_Raw_Employee_Data!L49,Lookup_Performance!$C$2:$C$6,Lookup_Performance!$D$2:$D$6) -> 0.05 | N49: =I49*M49 -> 4996.75
... A96: EMP050 | B96: William | C96: Gonzalez | D96: =_xlfn.TEXTJOIN(" ",TRUE,B96,C96) -> William Gonzalez | E96: SAL05 | F96: =_xlfn.XLOOKUP(E96,Lookup_Departments!$A$2:$A$7,Lookup_Departments!$B$2:$B$7) -> Sales | G96: 42095 | H96: 11 | I96: 115288 | J96: 61 | K96: Active | L96: {=_xlfn.IFS(J96<=49,"Needs Improvement",J96<=69,"Developing",J96<=84,"Achieving",J96<=94,"Exceeding",J96<=100,"Outstanding")} -> Developing | M96: =_xlfn.XLOOKUP(Transformed_Raw_Employee_Data!L96,Lookup_Performance!$C$2:$C$6,Lookup_Performance!$D$2:$D$6) -> 0.02 | N96: =I96*M96 -> 2305.76
A97: EMP036 | C97: Smith | D97: =_xlfn.TEXTJOIN(" ",TRUE,B97,C97) -> Smith | E97: SAL05 | F97: =_xlfn.XLOOKUP(E97,Lookup_Departments!$A$2:$A$7,Lookup_Departments!$B$2:$B$7) -> Sales | G97: 43232 | H97: 8 | I97: 80140 | J97: 58 | K97: Active | L97: {=_xlfn.IFS(J97<=49,"Needs Improvement",J97<=69,"Developing",J97<=84,"Achieving",J97<=94,"Exceeding",J97<=100,"Outstanding")} -> Developing | M97: =_xlfn.XLOOKUP(Transformed_Raw_Employee_Data!L97,Lookup_Performance!$C$2:$C$6,Lookup_Performance!$D$2:$D$6) -> 0.02 | N97: =I97*M97 -> 1602.8
A98: EMP081 | B98: John | C98: Johnson | D98: =_xlfn.TEXTJOIN(" ",TRUE,B98,C98) -> John Johnson | E98: IT02 | F98: =_xlfn.XLOOKUP(E98,Lookup_Departments!$A$2:$A$7,Lookup_Departments!$B$2:$B$7) -> Information Technology | G98: 44482 | H98: 4 | I98: 73087 | J98: 69 | K98: Active | L98: {=_xlfn.IFS(J98<=49,"Needs Improvement",J98<=69,"Developing",J98<=84,"Achieving",J98<=94,"Exceeding",J98<=100,"Outstanding")} -> Developing | M98: =_xlfn.XLOOKUP(Transformed_Raw_Employee_Data!L98,Lookup_Performance!$C$2:$C$6,Lookup_Performance!$D$2:$D$6) -> 0.02 | N98: =I98*M98 -> 1461.74
A99: EMP078 | B99: Jane | C99: Johnson | D99: =_xlfn.TEXTJOIN(" ",TRUE,B99,C99) -> Jane Johnson | E99: SAL05 | F99: =_xlfn.XLOOKUP(E99,Lookup_Departments!$A$2:$A$7,Lookup_Departments!$B$2:$B$7) -> Sales | G99: 44021 | H99: 5 | I99: 95292 | J99: 34 | K99: Active | L99: {=_xlfn.IFS(J99<=49,"Needs Improvement",J99<=69,"Developing",J99<=84,"Achieving",J99<=94,"Exceeding",J99<=100,"Outstanding")} -> Needs Improvement | M99: =_xlfn.XLOOKUP(Transformed_Raw_Employee_Data!L99,Lookup_Performance!$C$2:$C$6,Lookup_Performance!$D$2:$D$6) -> 0 | N99: =I99*M99 -> 0
A100: EMP035 | B100: John | C100: Jones | D100: =_xlfn.TEXTJOIN(" ",TRUE,B100,C100) -> John Jones | E100: IT02 | F100: =_xlfn.XLOOKUP(E100,Lookup_Departments!$A$2:$A$7,Lookup_Departments!$B$2:$B$7) -> Information Technology | G100: 43680 | H100: 6 | I100: 68901.167 | J100: 33 | K100: Active | L100: {=_xlfn.IFS(J100<=49,"Needs Improvement",J100<=69,"Developing",J100<=84,"Achieving",J100<=94,"Exceeding",J100<=100,"Outstanding")} -> Needs Improvement | M100: =_xlfn.XLOOKUP(Transformed_Raw_Employee_Data!L100,Lookup_Performance!$C$2:$C$6,Lookup_Performance!$D$2:$D$6) -> 0 | N100: =I100*M100 -> 0
A101: EMP047 | B101: Jane | C101: Lopez | D101: =_xlfn.TEXTJOIN(" ",TRUE,B101,C101) -> Jane Lopez | E101: MKT04 | F101: =_xlfn.XLOOKUP(E101,Lookup_Departments!$A$2:$A$7,Lookup_Departments!$B$2:$B$7) -> Marketing | G101: 42311 | H101: 10 | I101: 101750 | J101: 84 | K101: Left | L101: {=_xlfn.IFS(J101<=49,"Needs Improvement",J101<=69,"Developing",J101<=84,"Achieving",J101<=94,"Exceeding",J101<=100,"Outstanding")} -> Achieving | M101: =_xlfn.XLOOKUP(Transformed_Raw_Employee_Data!L101,Lookup_Performance!$C$2:$C$6,Lookup_Performance!$D$2:$D$6) -> 0.05 | N101: =I101*M101 -> 5087.5
A102: EMP008 | B102: Melissa | C102: Gonzalez | D102: =_xlfn.TEXTJOIN(" ",TRUE,B102,C102) -> Melissa Gonzalez | E102: MKT04 | F102: =_xlfn.XLOOKUP(E102,Lookup_Departments!$A$2:$A$7,Lookup_Departments!$B$2:$B$7) -> Marketing | G102: 42785 | H102: 9 | I102: 82992 | J102: 79 | K102: Active | L102: {=_xlfn.IFS(J102<=49,"Needs Improvement",J102<=69,"Developing",J102<=84,"Achieving",J102<=94,"Exceeding",J102<=100,"Outstanding")} -> Achieving | M102: =_xlfn.XLOOKUP(Transformed_Raw_Employee_Data!L102,Lookup_Performance!$C$2:$C$6,Lookup_Performance!$D$2:$D$6) -> 0.05 | N102: =I102*M102 -> 4149.6
A103: EMP044 | B103: William | C103: Davis | D103: =_xlfn.TEXTJOIN(" ",TRUE,B103,C103) -> William Davis | E103: IT02 | F103: =_xlfn.XLOOKUP(E103,Lookup_Departments!$A$2:$A$7,Lookup_Departments!$B$2:$B$7) -> Information Technology | G103: 45174 | H103: 2 | I103: 49942 | J103: 51 | K103: Active | L103: {=_xlfn.IFS(J103<=49,"Needs Improvement",J103<=69,"Developing",J103<=84,"Achieving",J103<=94,"Exceeding",J103<=100,"Outstanding")} -> Developing | M103: =_xlfn.XLOOKUP(Transformed_Raw_Employee_Data!L103,Lookup_Performance!$C$2:$C$6,Lookup_Performance!$D$2:$D$6) -> 0.02 | N103: =I103*M103 -> 998.84
A104: EMP071 | B104: John | C104: Smith | D104: =_xlfn.TEXTJOIN(" ",TRUE,B104,C104) -> John Smith | E104: OPS06 | F104: =_xlfn.XLOOKUP(E104,Lookup_Departments!$A$2:$A$7,Lookup_Departments!$B$2:$B$7) -> Operations | G104: 43122 | H104: 8 | I104: 89060 | J104: 58 | K104: Active | L104: {=_xlfn.IFS(J104<=49,"Needs Improvement",J104<=69,"Developing",J104<=84,"Achieving",J104<=94,"Exceeding",J104<=100,"Outstanding")} -> Developing | M104: =_xlfn.XLOOKUP(Transformed_Raw_Employee_Data!L104,Lookup_Performance!$C$2:$C$6,Lookup_Performance!$D$2:$D$6) -> 0.02 | N104: =I104*M104 -> 1781.2
A105: EMP115 | B105: James | C105: Gonzalez | D105: =_xlfn.TEXTJOIN(" ",TRUE,B105,C105) -> James Gonzalez | E105: IT02 | F105: =_xlfn.XLOOKUP(E105,Lookup_Departments!$A$2:$A$7,Lookup_Departments!$B$2:$B$7) -> Information Technology | G105: 43879 | H105: 6 | I105: 53786 | J105: 98 | K105: Active | L105: {=_xlfn.IFS(J105<=49,"Needs Improvement",J105<=69,"Developing",J105<=84,"Achieving",J105<=94,"Exceeding",J105<=100,"Outstanding")} -> Outstanding | M105: =_xlfn.XLOOKUP(Transformed_Raw_Employee_Data!L105,Lookup_Performance!$C$2:$C$6,Lookup_Performance!$D$2:$D$6) -> 0.12 | N105: =I105*M105 -> 6454.32
A106: EMP092 | B106: Emily | C106: Johnson | D106: =_xlfn.TEXTJOIN(" ",TRUE,B106,C106) -> Emily Johnson | E106: OPS06 | F106: =_xlfn.XLOOKUP(E106,Lookup_Departments!$A$2:$A$7,Lookup_Departments!$B$2:$B$7) -> Operations | G106: 42512 | H106: 10 | I106: 81167 | J106: 63 | K106: Active | L106: {=_xlfn.IFS(J106<=49,"Needs Improvement",J106<=69,"Developing",J106<=84,"Achieving",J106<=94,"Exceeding",J106<=100,"Outstanding")} -> Developing | M106: =_xlfn.XLOOKUP(Transformed_Raw_Employee_Data!L106,Lookup_Performance!$C$2:$C$6,Lookup_Performance!$D$2:$D$6) -> 0.02 | N106: =I106*M106 -> 1623.34
A107: EMP084 | B107: William | C107: Williams | D107: =_xlfn.TEXTJOIN(" ",TRUE,B107,C107) -> William Williams | E107: MKT04 | F107: =_xlfn.XLOOKUP(E107,Lookup_Departments!$A$2:$A$7,Lookup_Departments!$B$2:$B$7) -> Marketing | G107: 44233 | H107: 5 | I107: 66688 | J107: 40 | K107: Left | L107: {=_xlfn.IFS(J107<=49,"Needs Improvement",J107<=69,"Developing",J107<=84,"Achieving",J107<=94,"Exceeding",J107<=100,"Outstanding")} -> Needs Improvement | M107: =_xlfn.XLOOKUP(Transformed_Raw_Employee_Data!L107,Lookup_Performance!$C$2:$C$6,Lookup_Performance!$D$2:$D$6) -> 0 | N107: =I107*M107 -> 0
A108: EMP142 | B108: James | C108: Jones | D108: =_xlfn.TEXTJOIN(" ",TRUE,B108,C108) -> James Jones | E108: IT02 | F108: =_xlfn.XLOOKUP(E108,Lookup_Departments!$A$2:$A$7,Lookup_Departments!$B$2:$B$7) -> Information Technology | G108: 44394 | H108: 4 | I108: 91672 | J108: 88 | K108: Active | L108: {=_xlfn.IFS(J108<=49,"Needs Improvement",J108<=69,"Developing",J108<=84,"Achieving",J108<=94,"Exceeding",J108<=100,"Outstanding")} -> Exceeding | M108: =_xlfn.XLOOKUP(Transformed_Raw_Employee_Data!L108,Lookup_Performance!$C$2:$C$6,Lookup_Performance!$D$2:$D$6) -> 0.08 | N108: =I108*M108 -> 7333.76
A109: EMP143 | B109: Jessica | C109: Gonzalez | D109: =_xlfn.TEXTJOIN(" ",TRUE,B109,C109) -> Jessica Gonzalez | E109: HR01 | F109: =_xlfn.XLOOKUP(E109,Lookup_Departments!$A$2:$A$7,Lookup_Departments!$B$2:$B$7) -> Human Resources | G109: 42687 | H109: 9 | I109: 77737 | J109: 77 | K109: Active | L109: {=_xlfn.IFS(J109<=49,"Needs Improvement",J109<=69,"Developing",J109<=84,"Achieving",J109<=94,"Exceeding",J109<=100,"Outstanding")} -> Achieving | M109: =_xlfn.XLOOKUP(Transformed_Raw_Employee_Data!L109,Lookup_Performance!$C$2:$C$6,Lookup_Performance!$D$2:$D$6) -> 0.05 | N109: =I109*M109 -> 3886.85
... A145: EMP075 | B145: Richard | C145: Davis | D145: =_xlfn.TEXTJOIN(" ",TRUE,B145,C145) -> Richard Davis | E145: HR01 | F145: =_xlfn.XLOOKUP(E145,Lookup_Departments!$A$2:$A$7,Lookup_Departments!$B$2:$B$7) -> Human Resources | G145: 45080 | H145: 3 | I145: 106896 | J145: 52 | K145: Left | L145: {=_xlfn.IFS(J145<=49,"Needs Improvement",J145<=69,"Developing",J145<=84,"Achieving",J145<=94,"Exceeding",J145<=100,"Outstanding")} -> Developing | M145: =_xlfn.XLOOKUP(Transformed_Raw_Employee_Data!L145,Lookup_Performance!$C$2:$C$6,Lookup_Performance!$D$2:$D$6) -> 0.02 | N145: =I145*M145 -> 2137.92
A146: EMP122 | C146: Jones | D146: =_xlfn.TEXTJOIN(" ",TRUE,B146,C146) -> Jones | E146: IT02 | F146: =_xlfn.XLOOKUP(E146,Lookup_Departments!$A$2:$A$7,Lookup_Departments!$B$2:$B$7) -> Information Technology | G146: 43800 | H146: 6 | I146: 112887 | J146: 59 | K146: Active | L146: {=_xlfn.IFS(J146<=49,"Needs Improvement",J146<=69,"Developing",J146<=84,"Achieving",J146<=94,"Exceeding",J146<=100,"Outstanding")} -> Developing | M146: =_xlfn.XLOOKUP(Transformed_Raw_Employee_Data!L146,Lookup_Performance!$C$2:$C$6,Lookup_Performance!$D$2:$D$6) -> 0.02 | N146: =I146*M146 -> 2257.74
A147: EMP021 | B147: William | C147: Rodriguez | D147: =_xlfn.TEXTJOIN(" ",TRUE,B147,C147) -> William Rodriguez | E147: FIN03 | F147: =_xlfn.XLOOKUP(E147,Lookup_Departments!$A$2:$A$7,Lookup_Departments!$B$2:$B$7) -> Finance | G147: 45037 | H147: 3 | I147: 85457 | J147: 79 | K147: Active | L147: {=_xlfn.IFS(J147<=49,"Needs Improvement",J147<=69,"Developing",J147<=84,"Achieving",J147<=94,"Exceeding",J147<=100,"Outstanding")} -> Achieving | M147: =_xlfn.XLOOKUP(Transformed_Raw_Employee_Data!L147,Lookup_Performance!$C$2:$C$6,Lookup_Performance!$D$2:$D$6) -> 0.05 | N147: =I147*M147 -> 4272.85
A148: EMP072 | B148: Melissa | C148: Miller | D148: =_xlfn.TEXTJOIN(" ",TRUE,B148,C148) -> Melissa Miller | E148: SAL05 | F148: =_xlfn.XLOOKUP(E148,Lookup_Departments!$A$2:$A$7,Lookup_Departments!$B$2:$B$7) -> Sales | G148: 42519 | H148: 10 | I148: 62798 | J148: 30 | K148: Active | L148: {=_xlfn.IFS(J148<=49,"Needs Improvement",J148<=69,"Developing",J148<=84,"Achieving",J148<=94,"Exceeding",J148<=100,"Outstanding")} -> Needs Improvement | M148: =_xlfn.XLOOKUP(Transformed_Raw_Employee_Data!L148,Lookup_Performance!$C$2:$C$6,Lookup_Performance!$D$2:$D$6) -> 0 | N148: =I148*M148 -> 0
A149: EMP107 | B149: Emily | C149: Martinez | D149: =_xlfn.TEXTJOIN(" ",TRUE,B149,C149) -> Emily Martinez | E149: OPS06 | F149: =_xlfn.XLOOKUP(E149,Lookup_Departments!$A$2:$A$7,Lookup_Departments!$B$2:$B$7) -> Operations | G149: 44711 | H149: 4 | I149: 47794 | J149: 73 | K149: Left | L149: {=_xlfn.IFS(J149<=49,"Needs Improvement",J149<=69,"Developing",J149<=84,"Achieving",J149<=94,"Exceeding",J149<=100,"Outstanding")} -> Achieving | M149: =_xlfn.XLOOKUP(Transformed_Raw_Employee_Data!L149,Lookup_Performance!$C$2:$C$6,Lookup_Performance!$D$2:$D$6) -> 0.05 | N149: =I149*M149 -> 2389.7
A150: EMP093 | B150: James | C150: Rodriguez | D150: =_xlfn.TEXTJOIN(" ",TRUE,B150,C150) -> James Rodriguez | E150: MKT04 | F150: =_xlfn.XLOOKUP(E150,Lookup_Departments!$A$2:$A$7,Lookup_Departments!$B$2:$B$7) -> Marketing | G150: 42440 | H150: 10 | I150: 93094 | J150: 74 | K150: Active | L150: {=_xlfn.IFS(J150<=49,"Needs Improvement",J150<=69,"Developing",J150<=84,"Achieving",J150<=94,"Exceeding",J150<=100,"Outstanding")} -> Achieving | M150: =_xlfn.XLOOKUP(Transformed_Raw_Employee_Data!L150,Lookup_Performance!$C$2:$C$6,Lookup_Performance!$D$2:$D$6) -> 0.05 | N150: =I150*M150 -> 4654.7
A151: EMP103 | B151: Amanda | C151: Brown | D151: =_xlfn.TEXTJOIN(" ",TRUE,B151,C151) -> Amanda Brown | E151: IT02 | F151: =_xlfn.XLOOKUP(E151,Lookup_Departments!$A$2:$A$7,Lookup_Departments!$B$2:$B$7) -> Information Technology | G151: 44848 | H151: 3 | I151: 118634 | J151: 91 | K151: Active | L151: {=_xlfn.IFS(J151<=49,"Needs Improvement",J151<=69,"Developing",J151<=84,"Achieving",J151<=94,"Exceeding",J151<=100,"Outstanding")} -> Exceeding | M151: =_xlfn.XLOOKUP(Transformed_Raw_Employee_Data!L151,Lookup_Performance!$C$2:$C$6,Lookup_Performance!$D$2:$D$6) -> 0.08 | N151: =I151*M151 -> 9490.72

Sheet Lookup_Departments
A1: Dept_Code | B1: Department_Name
A2: HR01 | B2: Human Resources
A3: IT02 | B3: Information Technology
A4: FIN03 | B4: Finance
A5: MKT04 | B5: Marketing
A6: SAL05 | B6: Sales
A7: OPS06 | B7: Operations

Sheet Lookup_Performance
A1: Min_Score | B1: Max_Score | C1: Performance_Band | D1: Bonus_Percentage
A2: 0 | B2: 49 | C2: Needs Improvement | D2: 0
A3: 50 | B3: 69 | C3: Developing | D3: 0.02
A4: 70 | B4: 84 | C4: Achieving | D4: 0.05
A5: 85 | B5: 94 | C5: Exceeding | D5: 0.08
A6: 95 | B6: 100 | C6: Outstanding | D6: 0.12

Sheet Analysis
A2: Total Employee | D2: Average Salary Per Department | I2: Attrition Rate by Departments
A3: Total Employee | D3: Departments | E3: Average Salary | I3: Departments | J3: Attrition Rate
A4: 150 | D4: Finance | E4: 85199.931 | I4: Information Technology | J4: 0.24
D5: Human Resources | E5: 85385.59 | I5: Active | J5: 0.77777778
D6: Information Technology | E6: 78470.773 | G6: =GETPIVOTDATA("Salary",$D$3) -> 81725.382 | I6: Left | J6: 0.16666667
B7: =GETPIVOTDATA("Emp ID",$A$3) -> 150 | D7: Marketing | E7: 85271.302 | I7: Resigned | J7: 0.055555556
D8: Operations | E8: 79407.182 | I8: Sales | J8: 0.20666667
D9: Sales | E9: 81469.58 | I9: Active | J9: 0.80645161
D10: Grand Total | E10: 81725.382 | I10: Left | J10: 0.12903226
I11: Resigned | J11: 0.064516129
I12: Operations | J12: 0.19333333
I13: Active | J13: 0.62068966
A14: Performance By Status | E14: Bonus Payout by Performance Band | I14: Left | J14: 0.20689655
A15: Employment Status | B15: Average Performance Score | E15: Performance Band | F15: Bonus Payout | I15: Resigned | J15: 0.17241379
A16: Resigned | B16: 76.4 | E16: Achieving | F16: 161572 | I16: Marketing | J16: 0.12666667
A17: Active | B17: 67.417423 | E17: Exceeding | F17: 142974.05 | I17: Active | J17: 0.84210526
A18: Left | B18: 66.020833 | E18: Outstanding | F18: 90647.18 | I18: Left | J18: 0.15789474
A19: Grand Total | B19: 67.792807 | E19: Developing | F19: 82050.114 | I19: Human Resources | J19: 0.12
E20: Needs Improvement | F20: 0 | I20: Active | J20: 0.83333333
E21: Grand Total | F21: 477243.34 | G21: =GETPIVOTDATA("Bonus Amount",$E$15) -> 477243.34 | I21: Left | J21: 0.11111111
B22: =GETPIVOTDATA("Perf_Score",$A$15) -> 67.792807 | I22: Resigned | J22: 0.055555556
I23: Finance | J23: 0.11333333
B24: Employee Hiring Trend by Year | I24: Active | J24: 0.82352941
A25: Performance Band | B25: Count of Emp ID | E25: Average Performance Score by Department | I25: Left | J25: 0.17647059
A26: 2015 | B26: 13 | E26: Performance Band | F26: Average of Perf_Score | I26: Grand Total | J26: 1
A27: 2016 | B27: 17 | E27: Marketing | F27: 72.33795
A28: 2017 | B28: 19 | E28: Human Resources | F28: 71
A29: 2018 | B29: 18 | E29: Operations | F29: 69.413793
A30: 2019 | B30: 16 | E30: Finance | F30: 68.941176
A31: 2020 | B31: 17 | E31: Information Technology | F31: 65.263889
A32: 2021 | B32: 15 | E32: Sales | F32: 63.935484
A33: 2022 | B33: 18 | E33: Grand Total | F33: 67.792807
A34: 2023 | B34: 17
A35: Grand Total | B35: 150
D39: Average Performance Score by Hire Year
D40: Hire Year | E40: Average Perf_Score
D41: 2015 | E41: 70.230769
D42: 2016 | E42: 64.470588
D43: 2017 | E43: 65.368421
D44: 2018 | E44: 65.777778
D45: 2019 | E45: 74.092105
C46: =GETPIVOTDATA("Bonus Amount",$E$15) -> 477243.34 | D46: 2020 | E46: 67.204334
D47: 2021 | E47: 63.533333
D48: 2022 | E48: 71.026316
D49: 2023 | E49: 69.088235
D50: Grand Total | E50: 67.792807

Sheet Dashboard
